Title,Links
Israel attacked: Air India cancels today’s Delhi-Tel Aviv flight,https://timesofindia.indiatimes.com/
Air India cancels two flights in wake of Hamas attack on Israel,https://timesofindia.indiatimes.com/us
I look at this period as a time when our startups will come of age: Commerce minister Piyush Goyal on 'funding winter',https://timesofindia.indiatimes.com
Telangana MLC Kavitha vows to continue fight for OBC quota in women reservations,https://timesofindia.indiatimes.com
Two years before the flood came a warning about the Sikkim lake,https://timesofindia.indiatimes.com/india
India-Canada diplomatic row: Why US is fearing this 'worst-case scenario',https://timesofindia.indiatimes.com/india/g20-summit
World now recognises future of technology will be shaped by Indian entrepreneurs: MoS IT Rajeev Chandrashekhar,https://timesofindia.indiatimes.com/india/times-evoke
India-made image data processing tech aids unravel cosmic secrets,https://timesofindia.indiatimes.com/india/maharashtra
Central agencies on alert after mail threatens to kill PM Modi,https://timesofindia.indiatimes.com/india/delhi
"After 'Ajit split', NCP chief Sharad Pawar meets Congress netas to discuss alliance",https://timesofindia.indiatimes.com/india/karnataka
Meet the Unstoppable 21 under 21,https://timesofindia.indiatimes.com/india/tamil-nadu
Want to be a judge? Be tech-friendly: Chief Justice D Y Chandrachud,https://timesofindia.indiatimes.com/india/telangana
"Mahadev betting app case: After Ranbir Kapoor, ED summons Kapil Sharma, Huma Qureshi & Hina Khan for questioning",https://timesofindia.indiatimes.com/india/uttar-pradesh
UK reaffirms position after Canada-India diplomatic spat,https://timesofindia.indiatimes.com/india/west-bengal
Left-wing extremism will be finished in 2 years: Union home minister Amit Shah,https://timesofindia.indiatimes.com/india/gujarat
"Canada shifts most of its diplomats posted in India to Singapore, Malaysia",https://timesofindia.indiatimes.com/india/madhya-pradesh
'He has neither read law nor Constitution': Jagdeep Dhankar slams Ashok Gehlot for questioning VP's Rajasthan visits,https://timesofindia.indiatimes.com/india/bihar
NCP leader says Ajit Pawar's lawyers told EC that Sharad Pawar 'behaved like a dictator',https://timesofindia.indiatimes.com/india/chandigarh
World now recognises future of technology will be shaped by Indian entrepreneurs: MoS IT Rajeev Chandrashekhar,https://timesofindia.indiatimes.com/india/rajasthan
"India stands in solidarity with Israel at this difficult hour, says PM Modi after Hamas attack",https://timesofindia.indiatimes.com/india/arunachal-pradesh
Will decide on making caste census public after getting report from panel in November: Karnataka CM,https://timesofindia.indiatimes.com/india/andhra-pradesh
PM Modi reviews progress of announcements made in his Red Fort speech,https://timesofindia.indiatimes.com/india/assam
Israel-Palestine conflict: India issues advisory for its nationals in Israel,https://timesofindia.indiatimes.com/india/chhattisgarh
'Glad to note unanimous appreciation': Jaishankar on Parliamentary consultative committee discussion on India's G20 Presidency,https://timesofindia.indiatimes.com/india/goa
Indian Navy rolls out '360 degree appraisal mechanism',https://timesofindia.indiatimes.com/india/haryana
SC to hear on Oct 9 pleas alleging delay in clearing names recommended by collegium,https://timesofindia.indiatimes.com/india/himachal-pradesh
GST council announces significant reduction in tax rates for millet flour food preparations,https://timesofindia.indiatimes.com/india/jammu-and-kashmir
"Sikkim flash flood death toll rises to 27, search operations continue for 141 people missing",https://timesofindia.indiatimes.com/india/jharkhand
ISRO announces plans to commence unmanned flight tests for Gangayaan mission,https://timesofindia.indiatimes.com/india/kerala
Should I become chief minister again or not: MP Chief Minister Shivraj Singh Chouhan asks people at rally,https://timesofindia.indiatimes.com/india/manipur
"Give false promises to assume power then don't fulfil guarantees, this model of Rahul Gandhi has failed: Anurag Thakur",https://timesofindia.indiatimes.com/india/meghalaya
‘Sikkim tells us to be very careful before allowing any new hydropower project in the Himalayas’,https://timesofindia.indiatimes.com/india/mizoram
He was a farmers scientist: PM Modi,https://timesofindia.indiatimes.com/india/nagaland
Fangtastic effort!,https://timesofindia.indiatimes.com/india/orissa
2 minors among 7 killed in Mumbai fire,https://timesofindia.indiatimes.com/india/punjab
"India tells X, YouTube, Telegram to remove any child sexual abuse material",https://timesofindia.indiatimes.com/india/sikkim
Mobile internet ban in Manipur extended till October 11,https://timesofindia.indiatimes.com/india/tripura
"As Jewar airport gets ready, Khurja pottery looks to fly business class",https://timesofindia.indiatimes.com/india/uttarakhand
Central information commission asks income tax department to give man generic details of wife's income,https://timesofindia.indiatimes.com/india/andaman-and-nicobar-islands
Stop illegal financing with iron hand: Gujarat high court on businessman's suicide,https://timesofindia.indiatimes.com/india/dadra-and-nagar-haveli
Ashoka's gold mine set for comeback next year,https://timesofindia.indiatimes.com/india/daman-and-diu
National Medical Commission: Doctors shouldn't use unusually large signboards,https://timesofindia.indiatimes.com/india/lakshadweep
Elections 2023,https://timesofindia.indiatimes.com/india/pondicherry
Assembly Elections 2023,https://timesofindia.indiatimes.com/india/web-stories
World Test Championship,https://timesofindia.indiatimes.com/
Lok Sabha Elections,https://timesofindia.indiatimes.com/india
Coronavirus,https://timesofindia.indiatimes.com/india/israel-attacked-air-india-cancels-todays-delhi-tel-aviv-flight/articleshow/104244295.cms
Telangana Elections,https://timesofindia.indiatimes.com/india/air-india-cancels-two-flights-in-wake-of-hamas-attack-on-israel/articleshow/104243901.cms
Rajasthan Elections,https://timesofindia.indiatimes.com/india/i-look-at-this-period-as-a-time-when-our-startups-will-come-of-age-commerce-minister-piyush-goyal-on-funding-winter/articleshow/104243508.cms
Madhya Pradesh Elections,https://timesofindia.indiatimes.com/india/telangana-mlc-kavitha-vows-to-continue-fight-for-obc-quota-in-women-reservations/articleshow/104243168.cms
Mizoram Elections,https://timesofindia.indiatimes.com/india/two-years-before-the-flood-came-a-warning-about-the-sikkim-lake/articleshow/104232388.cms
Chhattisgarh Elections,https://timesofindia.indiatimes.com/india/india-canada-diplomatic-row-why-us-is-fearing-this-worst-case-scenario/articleshow/104241737.cms
AP Elections,https://timesofindia.indiatimes.com/india/world-now-recognises-future-of-technology-will-be-shaped-by-indian-entrepreneurs-mos-it-rajeev-chandrashekhar/articleshow/104237261.cms
Arunachal Pradesh Election,https://timesofindia.indiatimes.com/india/canada-moves-some-of-its-diplomats-in-india-to-kuala-lampur-singapore-after-new-delhis-demand-for-parity-report/articleshow/104213592.cms?from=mdr
